"","Estimate","Std. Error","t value","Pr(>|t|)"
"A",36.5218461054404,447.125901498782,0.0816813474303724,0.937556734205487
"B",2945.08553634456,3597.42505319647,0.81866487634752,0.444268751877364
"xmid",1974.04929220539,101.914095071208,19.369737726917,1.22594416785392e-06
"scal",42.8407491615771,51.0555134960572,0.839101327712343,0.43356491323027
