"","Estimate","Std. Error","t value","Pr(>|t|)"
"A",-356.751651471748,346.871785946148,-1.0284827591228,0.330569354673391
"B",3303.36606067111,389.594980914641,8.47897489057969,1.38691936631966e-05
"xmid",1962.07514369934,4.72088702268942,415.615780311889,1.37578321592593e-20
"scal",31.720223980828,8.32760760074704,3.80904402579949,0.00415922085280861
