"","Estimate","Std. Error","t value","Pr(>|t|)"
"A",-4204.54720468003,39906457.2352321,-0.000105360071927607,0.999920979946237
"B",45922639.8707948,4.67632735359686e+42,9.82023635181844e-36,1
"xmid",82133.3681889232,5.66555930181496e+26,1.44969567545806e-22,1
"scal",1471.97409833681,1.49878199300083e+38,9.82113546340156e-36,1
