"","Estimate","Std. Error","t value","Pr(>|t|)"
"(Intercept)",14657.8888888889,226.60185741726,64.6856519887131,1.06802110548693e-17
"poly(x, degree = 4)1",32724.0250274211,961.390260055271,34.0382323256944,4.28831041445377e-14
"poly(x, degree = 4)2",-12086.4189434952,961.390260055271,-12.5718133890813,1.19332481695608e-08
"poly(x, degree = 4)3",-5986.20789340978,961.390260055271,-6.22661591460853,3.08475197339419e-05
"poly(x, degree = 4)4",4589.78234168217,961.390260055271,4.77410946665748,0.000363337153265349
