"","Estimate","Std. Error","t value","Pr(>|t|)"
"(Intercept)",27628.947368421,447.476178885076,61.7439512361548,1.84185094232055e-18
"poly(x, degree = 4)1",43202.8835925963,1950.50344340178,22.1496064202011,2.68349349204431e-12
"poly(x, degree = 4)2",-42264.9506309493,1950.50344340178,-21.6687393062158,3.61915107890346e-12
"poly(x, degree = 4)3",-448.259109899553,1950.50344340178,-0.229817133323162,0.821557724618655
"poly(x, degree = 4)4",13042.4808455925,1950.50344340178,6.68672536298922,1.0325423910336e-05
