"","Estimate","Std. Error","t value","Pr(>|t|)"
"(Intercept)",21111.6,420.415597220679,50.2160246659888,3.94938059632195e-18
"poly(x, degree = 4)1",22384.9872847915,1880.15570837322,11.9059220388506,4.81330784288091e-09
"poly(x, degree = 4)2",-41666.4695395493,1880.15570837322,-22.1611802437367,7.09927367341779e-13
"poly(x, degree = 4)3",6094.58926691679,1880.15570837322,3.24153432600008,0.00547749918911756
"poly(x, degree = 4)4",10846.8746891069,1880.15570837322,5.76913637567391,3.70486231111492e-05
