"","Estimate","Std. Error","t value","Pr(>|t|)"
"A",-330.476256829503,132.859499831847,-2.48741156821883,0.0141435982636211
"B",23605.6672376626,285.81747292453,82.5900075181746,1.49411806199147e-113
"xmid",1957.71717252184,0.543200001664582,3604.04485736857,0
"scal",15.5145907723632,0.491906475361454,31.5397164897312,1.72424981149104e-62
