"","Estimate","Std. Error","t value","Pr(>|t|)"
"(Intercept)",-1269.30560230485,218.514791613329,-5.80878572536609,0.00437048349416557
"x",0.638216538218632,0.108938258840445,5.85851605314704,0.0042366683117606
