"","Estimate","Std. Error","t value","Pr(>|t|)"
"A",1373.6692144814,310.507521148479,4.42394828119007,0.000327647094549298
"B",7744.9851884228,177.364008311715,43.667174993086,1.01870281730639e-19
"xmid",1877.34979463596,3.40271240131393,551.721560103357,1.63888624105282e-39
"scal",16.066204201402,3.0117966214485,5.33442533502648,4.52796727080323e-05
